{"modal_freqs_hz": [0.37033090653585626, 1.203575446241533], "modal_damping": [0.026327141451516545, 0.019745356088637405], "modal_gains_scale": 1.086822786576218, "control_filter_cutoff_hz": 8.826558539083639, "inertia_scale": 1.0440098033779648, "rw_max_torque_nm": 70.0, "slew_angle_deg": 180.0, "slew_duration_s": 30.0, "sensor_noise_std_rad_s": 8.920424618618562e-06, "disturbance_torque_nm": 1.3542025066949921e-05}