{
  "timestamp": "2026-01-22T22:14:29.595221",
  "n_runs": 10,
  "n_passed": 10,
  "pass_rate": 1.0,
  "thresholds": {
    "rms_pointing_error_deg_p95": 2.0,
    "peak_torque_nm_p99": 70.0,
    "rms_vibration_mm_p95": 50.0,
    "torque_saturation_percent_max": 5.0
  },
  "uncertainties": {
    "inertia_pct": 0.15,
    "modal_freq_pct": 0.1,
    "modal_damping_pct": 0.5,
    "modal_gain_pct": 0.2,
    "sensor_noise_pct": 0.5,
    "disturbance_pct": 0.5,
    "filter_cutoff_pct": 0.2
  },
  "percentiles": {
    "rms_pointing_error_deg": {
      "P50": 0.8153208332391091,
      "P95": 0.9310780535501855,
      "P99": 0.9364780319503987,
      "mean": 0.8125889600397697,
      "std": 0.08896897258183438,
      "min": 0.6573875928600831,
      "max": 0.937828026550452
    },
    "peak_pointing_error_deg": {
      "P50": 4.166333729221394,
      "P95": 4.616056535190875,
      "P99": 4.636727990213568,
      "mean": 4.150752460632903,
      "std": 0.35255486610689896,
      "min": 3.525747242046737,
      "max": 4.641895853969241
    },
    "peak_torque_nm": {
      "P50": 23.78974445327852,
      "P95": 25.38363308849722,
      "P99": 25.567299978150164,
      "mean": 23.697966290615216,
      "std": 1.4892280229362644,
      "min": 19.935206299801358,
      "max": 25.6132167005634
    },
    "rms_torque_nm": {
      "P50": 10.037553394771301,
      "P95": 10.701519745221479,
      "P99": 10.759075767321438,
      "mean": 10.000337407337765,
      "std": 0.6177120336151782,
      "min": 8.453751712301802,
      "max": 10.773464772846427
    },
    "torque_saturation_pct": {
      "P50": 0.0,
      "P95": 0.0,
      "P99": 0.0,
      "mean": 0.0,
      "std": 0.0,
      "min": 0.0,
      "max": 0.0
    },
    "rms_vibration_mm": {
      "P50": 14.230033000126078,
      "P95": 16.250377627510815,
      "P99": 16.344625030131112,
      "mean": 14.182352818050612,
      "std": 1.5528015036695697,
      "min": 11.47357795716842,
      "max": 16.368186880786187
    }
  }
}